Indicador,Valor
Venta Total,30320356.0
Inversión Mercancía,31883307.0
Costo Operativo,4800000.0
ROI Bruto,-4.902098141827007
ROI Neto,-17.345630806949874
Valor Dead Stock,4059579.0
